{"cameraMode":{"drawMode":0,"name":"Shaded","section":"Shading Mode"},"sceneLighting":false,"audioPlay":false,"sceneViewState":{"showFog":true,"showMaterialUpdate":false,"showSkybox":true,"showFlares":true,"showImageEffects":true,"showParticleSystems":true},"in2DMode":false,"pivot":{"x":0.2543531358242035,"y":1.719909429550171,"z":4.621268272399902},"rotation":{"x":0.07523264735937119,"y":-0.013465293683111668,"z":0.001016120077110827,"w":0.9970746040344238},"size":3.1634910106658937,"orthographic":false}