{"cameraMode":{"drawMode":0,"name":"Shaded","section":"Shading Mode"},"sceneLighting":false,"audioPlay":false,"sceneViewState":{"showFog":true,"showMaterialUpdate":false,"showSkybox":true,"showFlares":true,"showImageEffects":true,"showParticleSystems":true},"in2DMode":false,"pivot":{"x":-199.88038635253907,"y":0.5457109212875366,"z":3.805720090866089},"rotation":{"x":-0.026684870943427087,"y":0.007493842858821154,"z":0.00020033142936881632,"w":0.9996157884597778},"size":1.6260876655578614,"orthographic":false}