{"cameraMode":{"drawMode":0,"name":"Shaded","section":"Shading Mode"},"sceneLighting":false,"audioPlay":false,"sceneViewState":{"showFog":true,"showMaterialUpdate":false,"showSkybox":true,"showFlares":true,"showImageEffects":true,"showParticleSystems":true},"in2DMode":false,"pivot":{"x":-0.18792133033275605,"y":1.0644419193267823,"z":6.334695339202881},"rotation":{"x":0.12597143650054933,"y":0.007435919251292944,"z":-0.0009441595757380128,"w":0.9920055866241455},"size":5.109974384307861,"orthographic":false}