{"cameraMode":{"drawMode":0,"name":"Shaded","section":"Shading Mode"},"sceneLighting":false,"audioPlay":false,"sceneViewState":{"showFog":true,"showMaterialUpdate":false,"showSkybox":true,"showFlares":true,"showImageEffects":true,"showParticleSystems":true},"in2DMode":false,"pivot":{"x":0.0,"y":1.7000000476837159,"z":3.7850000858306886},"rotation":{"x":0.17933011054992677,"y":0.007373291067779064,"z":-0.0013440295588225127,"w":0.983760416507721},"size":1.0562899112701417,"orthographic":false}