{"cameraMode":{"drawMode":0,"name":"Shaded","section":"Shading Mode"},"sceneLighting":false,"audioPlay":false,"sceneViewState":{"showFog":true,"showMaterialUpdate":false,"showSkybox":true,"showFlares":true,"showImageEffects":true,"showParticleSystems":true},"in2DMode":false,"pivot":{"x":-200.33786010742188,"y":1.751542329788208,"z":3.148571014404297},"rotation":{"x":0.1065940409898758,"y":0.01640189066529274,"z":-0.0017582864966243506,"w":0.99416583776474},"size":1.6973412036895753,"orthographic":false}