{"cameraMode":{"drawMode":0,"name":"Shaded","section":"Shading Mode"},"sceneLighting":false,"audioPlay":false,"sceneViewState":{"showFog":true,"showMaterialUpdate":false,"showSkybox":true,"showFlares":true,"showImageEffects":true,"showParticleSystems":true},"in2DMode":false,"pivot":{"x":-0.7687970995903015,"y":1.4986765384674073,"z":4.467098712921143},"rotation":{"x":0.07774963974952698,"y":0.1104278489947319,"z":-0.008665467612445355,"w":0.9908004999160767},"size":3.1634910106658937,"orthographic":false}